Row,Col,CNfrac_akt.mn,npi,zscore
A,1,1.11507,1.05724,1.2
A,2,0.616521,0.0275343,-1
B,1,1.10438,0.82,0.5
B,2,0.851256,0.56,0.3
